ID,str_prd_title,str_prd_link,num_prd_price,str_prd_type,str_prd_key
O_000,,,,,
O_001,,,,,
O_002,,,,,
O_003,,,,,
O_004,,,,,
O_003,,,,,
O_005,,,,,
O_005,,,,,
O_005,,,,,
O_005,,,,,
O_006,,,,,
O_006,,,,,
O_006,,,,,
O_005,,,,,
O_007,,,,,
O_007,,,,,
O_008,,,,,
O_007,,,,,
O_009,,,,,
O_010,,,,,
O_010,,,,,
O_010,,,,,
O_011,,,,,
O_012,,,,,
O_013,,,,,
O_013,,,,,
O_013,,,,,
O_014,,,,,
O_015,,,,,
O_015,,,,,
O_016,,,,,
O_017,,,,,
O_010,,,,,
#N/A,,,,,
O_014,,,,,
O_019,,,,,
O_019,,,,,
O_020,,,,,
O_021,,,,,
O_005,,,,,
O_010,,,,,
O_597,,,,,
O_22,,,,,
O_22,,,,,
O_23,,,,,
O_005,,,,,
O_005,,,,,
O_005,,,,,
O_008,,,,,
O_008,,,,,
O_024,,,,,
O_009,,,,,
O_010,,,,,
O_010,,,,,
O_010,,,,,
O_012,,,,,
O_013,,,,,
O_013,,,,,
O_013,,,,,
O_014,,,,,
O_015,,,,,
O_025,,,,,
O_016,,,,,
O_026,,,,,
O_005,,,,,
O_006,,,,,
O_007,,,,,
O_027,,,,,
O_028,,,,,
O_029,,,,,
O_030,,,,,
O_031,,,,,
O_032,,,,,
O_033,,,,,
O_034,,,,,
O_035,,,,,
O_036,,,,,
O_037,,,,,
O_038,,,,,
O_036,,,,,
O_039,,,,,
O_039,,,,,
O_040,,,,,
O_041,,,,,
O_042,,,,,
O_043,,,,,
O_044,,,,,
O_045,,,,,
O_046,,,,,
O_047,,,,,
O_048,,,,,
O_049,,,,,
O_050,,,,,
O_051,,,,,
O_052,,,,,
O_053,,,,,
O_047,,,,,
O_047,,,,,
O_047,,,,,
O_054,,,,,
O_055,,,,,
O_055,,,,,
O_055,,,,,
O_056,,,,,
O_056,,,,,
O_057,,,,,
O_058,,,,,
O_059,,,,,
O_060,,,,,
O_061,,,,,
O_061,,,,,
O_062,,,,,
O_063,,,,,
O_064,,,,,
O_065,,,,,
O_066,,,,,
O_067,,,,,
O_068,,,,,
O_068,,,,,
O_069,,,,,
O_070,,,,,
O_065,,,,,
O_065,,,,,
O_071,,,,,
O_072,,,,,
O_072,,,,,
O_073,,,,,
O_073,,,,,
O_073,,,,,
O_073,,,,,
O_074,,,,,
O_075,,,,,
O_076,,,,,
O_076,,,,,
O_077,,,,,
O_078,,,,,
O_079,,,,,
O_080,,,,,
O_081,,,,,
O_081,,,,,
O_082,,,,,
O_080,,,,,
O_080,,,,,
O_080,,,,,
O_083,,,,,
O_080,,,,,
O_080,,,,,
O_080,,,,,
O_084,,,,,
O_085,,,,,
O_086,,,,,
O_087,,,,,
O_087,,,,,
O_087,,,,,
O_089,,,,,
O_090,,,,,
O_091,,,,,
O_092,,,,,
O_092,,,,,
O_093,,,,,
O_094,,,,,
O_095,,,,,
O_095,,,,,
O_096,,,,,
O_097,,,,,
O_098,,,,,
O_099,,,,,
O_099,,,,,
O_100,,,,,
O_101,,,,,
O_097,,,,,
O_102,,,,,
O_095,,,,,
O_095,,,,,
O_103,,,,,
O_104,,,,,
O_105,,,,,
O_106,,,,,
O_107,,,,,
O_108,,,,,
O_109,,,,,
O_110,,,,,
O_111,,,,,
O_112,,,,,
O_113,,,,,
O_114,,,,,
O_115,,,,,
O_116,,,,,
O_117,,,,,
O_118,,,,,
O_119,,,,,
O_119,,,,,
O_109,,,,,
O_120,,,,,
O_120,,,,,
O_120,,,,,
O_121,,,,,
O_122,,,,,
O_123,,,,,
O_124,,,,,
O_124,,,,,
O_124,,,,,
O_125,,,,,
O_126,,,,,
O_127,,,,,
O_128,,,,,
O_125,,,,,
O_129,,,,,
O_130,,,,,
O_131,,,,,
O_132,,,,,
O_133,,,,,
O_134,,,,,
O_135,,,,,
O_136,,,,,
O_136,,,,,
O_137,,,,,
O_138,,,,,
O_139,,,,,
O_140,,,,,
O_141,,,,,
O_142,,,,,
O_138,,,,,
O_143,,,,,
O_144,,,,,
O_145,,,,,
O_146,,,,,
O_147,,,,,
O_142,,,,,
O_148,,,,,
O_149,,,,,
O_150,,,,,
O_151,,,,,
O_152,,,,,
O_153,,,,,
O_154,,,,,
O_154,,,,,
O_155,,,,,
O_156,,,,,
O_157,,,,,
O_158,,,,,
O_159,,,,,
O_160,,,,,
O_161,,,,,
O_162,,,,,
O_163,,,,,
O_163,,,,,
O_164,,,,,
O_164,,,,,
O_165,,,,,
O_165,,,,,
O_165,,,,,
O_165,,,,,
O_165,,,,,
O_165,,,,,
O_165,,,,,
O_165,,,,,
O_167,,,,,
O_168,,,,,
O_168,,,,,
O_168,,,,,
O_169,,,,,
O_170,,,,,
O_171,,,,,
O_172,,,,,
O_173,,,,,
O_174,,,,,
O_174,,,,,
O_174,,,,,
O_175,,,,,
O_176,,,,,
O_176,,,,,
O_170,,,,,
O_170,,,,,
O_170,,,,,
O_170,,,,,
O_178,,,,,
O_179,,,,,
O_174,,,,,
O_174,,,,,
O_180,,,,,
O_181,,,,,
O_182,,,,,
O_183,,,,,
O_184,,,,,
O_185,,,,,
O_186,,,,,
O_187,,,,,
O_188,,,,,
O_188,,,,,
O_188,,,,,
O_188,,,,,
O_188,,,,,
O_188,,,,,
O_188,,,,,
O_189,,,,,
O_190,,,,,
O_191,,,,,
O_192,,,,,
O_193,,,,,
O_194,,,,,
O_195,,,,,
O_072,,,,,
O_196,,,,,
O_197,,,,,
O_198,,,,,
O_199,,,,,
O_199,,,,,
O_199,,,,,
O_199,,,,,
O_199,,,,,
O_199,,,,,
O_199,,,,,
O_200,,,,,
O_201,,,,,
O_202,,,,,
O_202,,,,,
O_202,,,,,
O_202,,,,,
O_202,,,,,
O_202,,,,,
O_202,,,,,
O_203,,,,,
O_204,,,,,
O_205,,,,,
O_206,,,,,
O_207,,,,,
O_208,,,,,
O_209,,,,,
O_209,,,,,
O_209,,,,,
O_210,,,,,
O_211,,,,,
O_212,,,,,
O_212,,,,,
O_213,,,,,
O_214,,,,,
O_215,,,,,
O_215,,,,,
O_216,,,,,
O_217,,,,,
O_218,,,,,
O_219,,,,,
O_220,,,,,
O_220,,,,,
O_221,,,,,
O_222,,,,,
O_223,,,,,
O_224,,,,,
O_224,,,,,
O_225,,,,,
O_226,,,,,
O_227,,,,,
O_228,,,,,
O_229,,,,,
O_230,,,,,
O_231,,,,,
O_232,,,,,
O_232,,,,,
O_232,,,,,
O_233,,,,,
O_234,,,,,
O_235,,,,,
O_236,,,,,
O_237,,,,,
O_238,,,,,
O_237,,,,,
O_239,,,,,
O_237,,,,,
O_240,,,,,
O_241,,,,,
O_242,,,,,
O_243,,,,,
O_244,,,,,
O_245,,,,,
O_246,,,,,
O_247,,,,,
O_247,,,,,
O_248,,,,,
O_248,,,,,
O_248,,,,,
O_248,,,,,
O_247,,,,,
O_249,,,,,
O_248,,,,,
O_248,,,,,
O_247,,,,,
O_246,,,,,
O_251,,,,,
O_251,,,,,
O_251,,,,,
O_251,,,,,
O_251,,,,,
O_251,,,,,
O_251,,,,,
O_251,,,,,
O_251,,,,,
O_251,,,,,
O_251,,,,,
O_252,,,,,
O_253,,,,,
O_254,,,,,
O_248,,,,,
O_255,,,,,
O_256,,,,,
O_256,,,,,
O_256,,,,,
O_257,,,,,
O_257,,,,,
O_258,,,,,
O_259,,,,,
O_260,,,,,
O_261,,,,,
O_262,,,,,
O_263,,,,,
O_264,,,,,
O_265,,,,,
O_266,,,,,
O_267,,,,,
O_263,,,,,
O_263,,,,,
O_268,,,,,
O_266,,,,,
O_263,,,,,
O_269,,,,,
O_269,,,,,
O_270,,,,,
O_271,,,,,
O_272,,,,,
O_273,,,,,
O_274,,,,,
O_275,,,,,
O_273,,,,,
O_273,,,,,
O_273,,,,,
O_276,,,,,
O_273,,,,,
O_273,,,,,
O_273,,,,,
O_273,,,,,
O_273,,,,,
O_277,,,,,
O_278,,,,,
O_278,,,,,
O_278,,,,,
O_278,,,,,
O_278,,,,,
O_278,,,,,
O_278,,,,,
O_279,,,,,
O_280,,,,,
O_278,,,,,
O_281,,,,,
O_282,,,,,
O_283,,,,,
O_284,,,,,
O_285,,,,,
O_285,,,,,
O_287,,,,,
O_288,,,,,
O_288,,,,,
O_289,,,,,
O_290,,,,,
O_290,,,,,
O_291,,,,,
O_292,,,,,
O_293,,,,,
O_294,,,,,
O_292,,,,,
O_295,,,,,
O_296,,,,,
O_297,,,,,
O_298,,,,,
O_299,,,,,
O_300,,,,,
O_301,,,,,
O_302,,,,,
O_303,,,,,
O_304,,,,,
O_305,,,,,
O_306,,,,,
O_306,,,,,
O_306,,,,,
O_306,,,,,
O_306,,,,,
O_306,,,,,
O_306,,,,,
O_306,,,,,
O_306,,,,,
O_307,,,,,
O_308,,,,,
O_309,,,,,
O_310,,,,,
O_311,,,,,
O_312,,,,,
O_313,,,,,
O_314,,,,,
O_315,,,,,
O_316,,,,,
O_316,,,,,
O_317,,,,,
O_318,,,,,
O_319,,,,,
O_320,,,,,
O_318,,,,,
O_318,,,,,
O_318,,,,,
O_318,,,,,
O_318,,,,,
O_321,,,,,
O_322,,,,,
O_318,,,,,
O_319,,,,,
O_318,,,,,
O_318,,,,,
O_318,,,,,
O_323,,,,,
O_323,,,,,
O_324,,,,,
O_325,,,,,
O_325,,,,,
O_326,,,,,
O_327,,,,,
O_327,,,,,
O_327,,,,,
O_328,,,,,
O_328,,,,,
O_329,,,,,
O_330,,,,,
O_332,,,,,
O_332,,,,,
O_332,,,,,
O_332,,,,,
O_332,,,,,
O_332,,,,,
O_332,,,,,
O_333,,,,,
O_318,,,,,
O_334,,,,,
O_334,,,,,
O_334,,,,,
O_334,,,,,
O_334,,,,,
O_334,,,,,
O_334,,,,,
O_334,,,,,
O_334,,,,,
O_334,,,,,
O_334,,,,,
O_334,,,,,
O_334,,,,,
O_320,,,,,
O_320,,,,,
O_318,,,,,
O_318,,,,,
O_318,,,,,
O_320,,,,,
O_320,,,,,
O_320,,,,,
O_320,,,,,
O_320,,,,,
O_320,,,,,
O_320,,,,,
O_320,,,,,
O_335,,,,,
O_336,,,,,
O_337,,,,,
O_338,,,,,
O_338,,,,,
O_339,,,,,
O_338,,,,,
O_338,,,,,
O_338,,,,,
O_338,,,,,
O_338,,,,,
O_338,,,,,
O_338,,,,,
O_338,,,,,
O_340,,,,,
O_333,,,,,
O_341,,,,,
O_342,,,,,
O_343,,,,,
O_344,,,,,
O_344,,,,,
O_335,,,,,
O_335,,,,,
O_335,,,,,
O_335,,,,,
O_345,,,,,
O_346,,,,,
O_347,,,,,
O_348,,,,,
O_348,,,,,
O_348,,,,,
O_348,,,,,
O_348,,,,,
O_348,,,,,
O_350,,,,,
O_350,,,,,
O_350,,,,,
O_351,,,,,
O_352,,,,,
O_353,,,,,
O_323,,,,,
O_323,,,,,
O_323,,,,,
O_354,,,,,
O_354,,,,,
O_355,,,,,
O_355,,,,,
O_355,,,,,
O_355,,,,,
O_355,,,,,
O_355,,,,,
O_319,,,,,
O_319,,,,,
O_319,,,,,
O_319,,,,,
O_319,,,,,
O_356,,,,,
O_356,,,,,
O_356,,,,,
O_319,,,,,
O_357,,,,,
O_358,,,,,
O_359,,,,,
O_360,,,,,
O_361,,,,,
O_362,,,,,
O_363,,,,,
O_364,,,,,
O_365,,,,,
O_366,,,,,
O_367,,,,,
O_368,,,,,
O_369,,,,,
O_370,,,,,
O_371,,,,,
O_372,,,,,
O_373,,,,,
O_373,,,,,
O_372,,,,,
O_374,,,,,
O_374,,,,,
O_372,,,,,
O_375,,,,,
O_375,,,,,
O_375,,,,,
O_376,,,,,
O_375,,,,,
O_377,,,,,
O_378,,,,,
O_379,,,,,
O_378,,,,,
O_378,,,,,
O_380,,,,,
O_381,,,,,
O_382,,,,,
O_383,,,,,
O_384,,,,,
O_385,,,,,
O_385,,,,,
O_386,,,,,
O_387,,,,,
O_388,,,,,
O_389,,,,,
O_389,,,,,
O_389,,,,,
O_390,,,,,
O_391,,,,,
O_392,,,,,
O_393,,,,,
O_394,,,,,
O_395,,,,,
O_396,,,,,
O_397,,,,,
O_398,,,,,
O_399,,,,,
O_400,,,,,
O_401,,,,,
O_402,,,,,
O_401,,,,,
O_403,,,,,
O_404,,,,,
O_405,,,,,
O_406,,,,,
O_407,,,,,
O_408,,,,,
O_409,,,,,
O_410,,,,,
O_411,,,,,
O_412,,,,,
O_413,,,,,
O_413,,,,,
O_413,,,,,
O_412,,,,,
O_414,,,,,
O_415,,,,,
O_416,,,,,
O_417,,,,,
O_418,,,,,
O_418,,,,,
O_419,,,,,
O_419,,,,,
O_417,,,,,
O_420,,,,,
O_421,,,,,
O_421,,,,,
O_421,,,,,
O_422,,,,,
O_423,,,,,
O_424,,,,,
O_425,,,,,
O_425,,,,,
O_425,,,,,
O_426,,,,,
O_426,,,,,
O_427,,,,,
O_428,,,,,
O_428,,,,,
O_428,,,,,
O_428,,,,,
O_428,,,,,
O_429,,,,,
O_430,,,,,
O_431,,,,,
O_432,,,,,
O_432,,,,,
O_432,,,,,
O_432,,,,,
O_432,,,,,
O_432,,,,,
O_432,,,,,
O_432,,,,,
O_433,,,,,
O_434,,,,,
O_434,,,,,
O_434,,,,,
O_434,,,,,
O_434,,,,,
O_435,,,,,
O_428,,,,,
O_428,,,,,
O_428,,,,,
O_428,,,,,
O_428,,,,,
O_428,,,,,
O_428,,,,,
O_428,,,,,
O_428,,,,,
O_428,,,,,
O_428,,,,,
O_428,,,,,
O_428,,,,,
O_428,,,,,
O_428,,,,,
O_428,,,,,
O_436,,,,,
O_436,,,,,
O_436,,,,,
O_436,,,,,
O_436,,,,,
O_437,,,,,
O_437,,,,,
O_437,,,,,
O_438,,,,,
O_439,,,,,
O_440,,,,,
O_441,,,,,
O_442,,,,,
O_443,,,,,
O_444,,,,,
O_445,,,,,
O_446,,,,,
O_447,,,,,
O_447,,,,,
O_448,,,,,
O_449,,,,,
O_450,,,,,
O_451,,,,,
O_452,,,,,
O_452,,,,,
O_453,,,,,
O_454,,,,,
O_455,,,,,
O_455,,,,,
O_456,,,,,
O_457,,,,,
O_458,,,,,
O_459,,,,,
O_460,,,,,
O_460,,,,,
O_461,,,,,
O_462,,,,,
O_463,,,,,
O_461,,,,,
O_465,,,,,
O_466,,,,,
O_467,,,,,
O_467,,,,,
O_460,,,,,
O_468,,,,,
O_469,,,,,
O_470,,,,,
O_471,,,,,
O_472,,,,,
O_473,,,,,
O_474,,,,,
O_475,,,,,
O_476,,,,,
O_477,,,,,
O_478,,,,,
O_479,,,,,
O_480,,,,,
O_481,,,,,
O_481,,,,,
O_482,,,,,
O_483,,,,,
O_484,,,,,
O_485,,,,,
O_486,,,,,
O_487,,,,,
O_488,,,,,
O_489,,,,,
O_490,,,,,
O_490,,,,,
O_490,,,,,
O_491,,,,,
O_492,,,,,
O_492,,,,,
O_492,,,,,
O_492,,,,,
O_492,,,,,
O_492,,,,,
O_493,,,,,
O_494,,,,,
O_494,,,,,
O_495,,,,,
O_494,,,,,
O_495,,,,,
O_496,,,,,
O_497,,,,,
O_498,,,,,
O_499,,,,,
O_500,,,,,
O_501,,,,,
O_502,,,,,
O_503,,,,,
O_504,,,,,
O_504,,,,,
O_504,,,,,
O_504,,,,,
O_505,,,,,
O_506,,,,,
O_507,,,,,
O_507,,,,,
O_508,,,,,
O_509,,,,,
O_510,,,,,
O_511,,,,,
O_512,,,,,
O_513,,,,,
O_514,,,,,
O_514,,,,,
O_514,,,,,
O_514,,,,,
O_515,,,,,
O_516,,,,,
O_517,,,,,
O_517,,,,,
O_518,,,,,
O_519,,,,,
O_520,,,,,
O_521,,,,,
O_520,,,,,
O_520,,,,,
O_520,,,,,
O_520,,,,,
O_522,,,,,
O_522,,,,,
O_522,,,,,
O_523,,,,,
O_524,,,,,
O_524,,,,,
O_525,,,,,
O_526,,,,,
O_527,,,,,
O_528,,,,,
O_529,,,,,
O_530,,,,,
O_531,,,,,
O_532,,,,,
O_533,,,,,
O_533,,,,,
O_533,,,,,
O_533,,,,,
O_533,,,,,
O_533,,,,,
O_533,,,,,
O_533,,,,,
O_534,,,,,
O_534,,,,,
O_534,,,,,
O_534,,,,,
O_534,,,,,
O_534,,,,,
O_534,,,,,
O_534,,,,,
O_534,,,,,
O_534,,,,,
O_534,,,,,
O_534,,,,,
O_534,,,,,
O_534,,,,,
O_534,,,,,
O_535,,,,,
O_536,,,,,
O_534,,,,,
O_537,,,,,
O_538,,,,,
O_539,,,,,
O_539,,,,,
O_540,,,,,
O_541,,,,,
O_538,,,,,
O_538,,,,,
O_538,,,,,
O_538,,,,,
O_538,,,,,
O_542,,,,,
O_543,,,,,
O_544,,,,,
O_538,,,,,
O_538,,,,,
O_545,,,,,
O_546,,,,,
O_546,,,,,
O_549,,,,,
O_549,,,,,
O_549,,,,,
O_549,,,,,
O_548,,,,,
O_548,,,,,
O_548,,,,,
O_549,,,,,
O_550,,,,,
O_550,,,,,
O_550,,,,,
O_550,,,,,
O_548,,,,,
O_551,,,,,
O_551,,,,,
O_552,,,,,
O_552,,,,,
O_552,,,,,
O_553,,,,,
O_552,,,,,
O_552,,,,,
O_554,,,,,
O_555,,,,,
O_556,,,,,
O_557,,,,,
O_558,,,,,
O_559,,,,,
O_560,,,,,
O_560,,,,,
O_561,,,,,
O_562,,,,,
O_563,,,,,
O_564,,,,,
O_565,,,,,
O_566,,,,,
O_567,,,,,
O_567,,,,,
O_568,,,,,
O_569,,,,,
O_570,,,,,
O_570,,,,,
O_570,,,,,
O_570,,,,,
O_571,,,,,
O_572,,,,,
O_573,,,,,
O_571,,,,,
O_574,,,,,
O_575,,,,,
O_575,,,,,
O_576,,,,,
O_577,,,,,
O_577,,,,,
O_578,,,,,
O_578,,,,,
O_579,,,,,
O_567,,,,,
O_567,,,,,
O_567,,,,,
O_567,,,,,
O_567,,,,,
O_567,,,,,
O_567,,,,,
O_567,,,,,
O_580,,,,,
O_581,,,,,
O_582,,,,,
O_583,,,,,
O_584,,,,,
O_585,,,,,
O_586,,,,,
O_587,,,,,
O_588,,,,,
O_589,,,,,
O_590,,,,,
O_591,,,,,
O_592,,,,,
O_593,,,,,
O_594,,,,,
O_595,,,,,
O_596,,,,,
O_600,,,,,
O_269,,,,,
O_384,,,,,
O_142,,,,,
O_602,,,,,
O_603,,,,,
O_604,,,,,
O_605,,,,,
